,NoDur,Durbl,Manuf,Enrgy,HiTec,Telcm,Shops,Hlth ,Utils,Other
192607,     90,     37,    127,     51,     18,      5,     41,      7,     21,    111
192608,     90,     37,    127,     51,     18,      5,     41,      7,     21,    111
192609,     90,     37,    127,     50,     18,      5,     41,      7,     21,    111
192610,     90,     37,    127,     50,     18,      5,     41,      7,     21,    111
192611,     90,     37,    127,     50,     18,      5,     41,      7,     21,    111
192612,     89,     37,    127,     50,     18,      5,     41,      7,     21,    110
192701,     89,     37,    127,     49,     18,      5,     41,      7,     21,    110
192702,     87,     37,    127,     49,     18,      5,     41,      7,     21,    109
192703,     87,     37,    127,     49,     18,      5,     41,      7,     21,    109
192704,     87,     37,    127,     49,     18,      4,     41,      7,     21,    108
192705,     87,     37,    127,     49,     18,      4,     41,      7,     21,    108
192706,     87,     37,    126,     49,     18,      4,     41,      7,     21,    108
192707,     98,     43,    129,     55,     19,      5,     46,      7,     23,    120
192708,     98,     43,    128,     55,     19,      5,     46,      7,     23,    120
192709,     98,     43,    128,     55,     19,      5,     46,      7,     23,    120
192710,     98,     43,    128,     55,     19,      5,     46,      7,     23,    120
192711,     97,     43,    126,     55,     18,      5,     46,      7,     23,    120
192712,     97,     43,    126,     55,     18,      5,     46,      7,     23,    120
192801,     96,     43,    126,     55,     18,      5,     46,      7,     23,    120
192802,     96,     43,    126,     55,     18,      5,     46,      7,     23,    120
192803,     96,     43,    125,     55,     18,      5,     46,      6,     22,    120
192804,     96,     43,    125,     55,     18,      5,     46,      6,     22,    120
192805,     96,     43,    125,     55,     18,      4,     46,      6,     22,    120
192806,     96,     43,    125,     55,     18,      4,     45,      6,     22,    120
192807,    105,     45,    139,     56,     19,      4,     51,      6,     23,    120
192808,    105,     44,    139,     56,     19,      4,     51,      6,     23,    120
192809,    105,     44,    139,     56,     19,      4,     51,      6,     23,    120
192810,    105,     44,    139,     56,     19,      4,     51,      6,     23,    119
192811,    105,     44,    139,     56,     19,      4,     51,      6,     23,    119
192812,    104,     44,    139,     56,     19,      4,     51,      6,     23,    119
192901,    103,     43,    139,     56,     19,      4,     51,      5,     23,    118
192902,    103,     43,    139,     56,     19,      4,     51,      5,     23,    118
192903,    103,     43,    139,     56,     18,      4,     51,      5,     23,    118
192904,    103,     43,    139,     56,     18,      4,     51,      5,     23,    118
192905,    102,     43,    139,     56,     18,      4,     51,      5,     22,    118
192906,    101,     43,    139,     56,     18,      4,     51,      5,     22,    117
192907,    122,     50,    169,     61,     20,      4,     61,      6,     23,    131
192908,    122,     50,    168,     61,     20,      4,     61,      6,     23,    131
192909,    122,     50,    168,     61,     20,      4,     61,      6,     23,    130
192910,    121,     50,    168,     60,     20,      4,     61,      6,     22,    129
192911,    121,     50,    168,     60,     20,      4,     61,      6,     22,    129
192912,    120,     50,    168,     60,     20,      4,     61,      6,     22,    128
193001,    120,     50,    168,     59,     20,      4,     61,      6,     22,    127
193002,    119,     49,    168,     59,     20,      4,     61,      6,     22,    127
193003,    119,     49,    167,     59,     20,      4,     61,      5,     22,    127
193004,    118,     49,    166,     58,     20,      4,     61,      5,     22,    126
193005,    118,     49,    165,     58,     20,      4,     61,      5,     22,    126
193006,    117,     48,    164,     58,     20,      4,     61,      4,     22,    125
193007,    117,     53,    196,     59,     27,      4,     70,      5,     23,    142
193008,    117,     53,    196,     58,     27,      4,     70,      5,     23,    142
193009,    117,     53,    196,     57,     27,      4,     70,      5,     23,    142
193010,    117,     53,    195,     56,     27,      4,     70,      5,     23,    142
193011,    117,     52,    195,     56,     27,      4,     70,      5,     23,    142
193012,    117,     52,    195,     56,     27,      4,     70,      5,     23,    142
193101,    117,     52,    194,     56,     27,      4,     70,      5,     23,    141
193102,    117,     52,    192,     56,     27,      4,     70,      5,     23,    141
193103,    116,     52,    192,     56,     27,      4,     70,      5,     23,    140
193104,    116,     52,    192,     56,     26,      4,     70,      5,     23,    140
193105,    116,     51,    192,     56,     26,      4,     70,      5,     23,    140
193106,    116,     51,    192,     56,     26,      4,     70,      5,     23,    139
193107,    119,     51,    204,     57,     26,      4,     72,      6,     23,    140
193108,    119,     51,    204,     57,     26,      4,     72,      6,     23,    139
193109,    119,     51,    204,     57,     26,      4,     72,      6,     22,    139
193110,    118,     51,    203,     57,     26,      4,     72,      6,     22,    138
193111,    118,     51,    203,     57,     26,      4,     72,      6,     22,    138
193112,    118,     50,    201,     57,     26,      4,     72,      6,     22,    137
193201,    118,     50,    201,     57,     26,      4,     72,      6,     22,    137
193202,    118,     50,    201,     57,     26,      4,     72,      6,     22,    137
193203,    117,     50,    200,     57,     26,      4,     71,      6,     22,    137
193204,    116,     50,    200,     56,     26,      4,     71,      6,     22,    133
193205,    115,     50,    200,     55,     26,      4,     71,      6,     22,    133
193206,    113,     50,    199,     55,     26,      4,     69,      6,     22,    131
193207,    113,     51,    203,     54,     25,      4,     69,      6,     22,    132
193208,    112,     50,    203,     54,     25,      4,     69,      6,     22,    132
193209,    111,     50,    203,     53,     25,      4,     69,      6,     22,    132
193210,    111,     50,    203,     53,     25,      4,     69,      6,     22,    132
193211,    110,     50,    203,     53,     25,      4,     69,      6,     22,    132
193212,    108,     50,    202,     53,     25,      4,     69,      6,     22,    131
193301,    108,     50,    202,     53,     25,      4,     69,      6,     22,    131
193302,    108,     50,    202,     53,     25,      4,     68,      6,     22,    131
193303,    108,     49,    201,     53,     25,      4,     68,      6,     22,    131
193304,    108,     49,    201,     53,     25,      4,     68,      6,     22,    131
193305,    108,     49,    199,     53,     25,      4,     68,      6,     22,    131
193306,    108,     47,    198,     52,     25,      4,     66,      6,     22,    131
193307,    109,     47,    201,     54,     27,      4,     66,      6,     22,    137
193308,    109,     47,    201,     54,     27,      4,     66,      6,     21,    137
193309,    109,     47,    201,     54,     27,      4,     66,      6,     21,    136
193310,    109,     47,    201,     54,     27,      4,     66,      6,     21,    136
193311,    109,     47,    201,     54,     27,      4,     66,      6,     21,    136
193312,    109,     47,    201,     54,     26,      4,     66,      6,     21,    136
193401,    109,     47,    201,     54,     26,      4,     66,      6,     21,    135
193402,    109,     47,    201,     54,     26,      4,     66,      6,     21,    135
193403,    109,     47,    201,     54,     26,      4,     66,      6,     21,    135
193404,    109,     47,    201,     54,     26,      4,     66,      6,     21,    135
193405,    109,     47,    200,     53,     26,      4,     66,      6,     21,    135
193406,    109,     47,    200,     53,     26,      4,     66,      6,     21,    135
193407,    111,     47,    200,     54,     27,      4,     68,      9,     21,    141
193408,    111,     47,    200,     54,     27,      4,     68,      9,     21,    141
193409,    111,     47,    200,     54,     27,      4,     68,      9,     21,    141
193410,    111,     47,    199,     54,     27,      4,     68,      9,     21,    137
193411,    111,     47,    198,     54,     27,      4,     68,      9,     21,    137
193412,    111,     47,    198,     54,     27,      4,     68,      9,     21,    137
193501,    111,     47,    198,     54,     27,      4,     68,      9,     21,    136
193502,    111,     45,    198,     54,     27,      4,     68,      9,     21,    136
193503,    111,     45,    198,     54,     27,      4,     68,      9,     21,    136
193504,    111,     44,    198,     54,     27,      4,     68,      9,     21,    136
193505,    111,     44,    198,     54,     26,      4,     68,      9,     21,    135
193506,    111,     44,    198,     54,     26,      4,     68,      9,     21,    135
193507,    109,     46,    200,     54,     26,      4,     69,      9,     21,    138
193508,    109,     46,    199,     54,     26,      4,     69,      9,     21,    138
193509,    108,     46,    199,     54,     26,      4,     69,      9,     21,    136
193510,    108,     46,    199,     54,     26,      4,     69,      9,     21,    136
193511,    108,     46,    199,     54,     26,      4,     69,      9,     21,    136
193512,    108,     46,    199,     53,     26,      4,     69,      9,     21,    136
193601,    108,     46,    199,     53,     26,      4,     69,      9,     21,    136
193602,    108,     46,    199,     52,     26,      4,     69,      9,     21,    136
193603,    107,     46,    199,     52,     26,      4,     68,      9,     21,    136
193604,    107,     46,    198,     52,     26,      4,     68,      9,     21,    136
193605,    107,     46,    198,     52,     26,      4,     67,      9,     21,    136
193606,    107,     46,    198,     52,     26,      4,     67,      9,     21,    136
193607,    119,     49,    211,     54,     27,      4,     70,     10,     21,    142
193608,    119,     49,    210,     54,     27,      4,     70,     10,     21,    141
193609,    119,     49,    210,     54,     27,      4,     70,     10,     21,    141
193610,    119,     49,    209,     53,     27,      4,     70,     10,     21,    140
193611,    119,     49,    209,     53,     27,      4,     70,     10,     21,    140
193612,    119,     49,    209,     52,     27,      4,     70,     10,     21,    140
193701,    119,     48,    209,     52,     27,      4,     70,     10,     21,    137
193702,    119,     48,    209,     52,     27,      4,     70,     10,     21,    137
193703,    119,     48,    209,     51,     27,      4,     70,     10,     21,    137
193704,    119,     48,    207,     51,     27,      4,     70,     10,     21,    137
193705,    119,     48,    207,     51,     27,      4,     70,     10,     21,    137
193706,    119,     48,    207,     51,     27,      4,     70,     10,     21,    137
193707,    124,     52,    226,     53,     30,      4,     74,     12,     22,    144
193708,    124,     52,    226,     53,     30,      4,     74,     12,     22,    144
193709,    124,     52,    226,     52,     30,      4,     74,     12,     22,    144
193710,    124,     52,    226,     52,     30,      4,     74,     12,     22,    144
193711,    124,     52,    226,     52,     30,      4,     74,     12,     22,    144
193712,    124,     52,    226,     52,     30,      4,     74,     12,     22,    144
193801,    124,     52,    226,     52,     30,      4,     74,     12,     22,    144
193802,    124,     52,    226,     52,     30,      4,     74,     12,     22,    144
193803,    124,     52,    226,     52,     30,      4,     74,     12,     22,    144
193804,    124,     52,    226,     52,     30,      4,     74,     12,     22,    143
193805,    124,     52,    225,     52,     30,      4,     73,     12,     22,    142
193806,    124,     52,    225,     52,     30,      4,     73,     12,     22,    142
193807,    126,     53,    237,     54,     30,      5,     74,     12,     23,    147
193808,    125,     53,    236,     54,     30,      5,     73,     12,     23,    146
193809,    125,     53,    236,     54,     30,      5,     73,     12,     23,    146
193810,    125,     53,    236,     54,     30,      5,     73,     12,     23,    145
193811,    125,     53,    236,     54,     30,      5,     73,     12,     23,    144
193812,    125,     53,    236,     53,     30,      5,     72,     12,     23,    141
193901,    125,     53,    236,     53,     30,      5,     72,     12,     23,    141
193902,    125,     53,    236,     53,     30,      5,     72,     12,     23,    141
193903,    125,     53,    236,     53,     30,      5,     72,     12,     23,    141
193904,    125,     53,    236,     53,     30,      5,     72,     12,     23,    140
193905,    124,     53,    236,     53,     30,      5,     72,     12,     23,    140
193906,    124,     53,    236,     53,     30,      5,     72,     12,     23,    139
193907,    124,     53,    239,     52,     30,      6,     73,     12,     23,    138
193908,    124,     53,    239,     52,     30,      6,     73,     12,     23,    136
193909,    124,     53,    238,     52,     30,      6,     73,     12,     23,    134
193910,    124,     53,    238,     52,     30,      6,     73,     12,     23,    133
193911,    124,     53,    238,     52,     30,      6,     73,     12,     23,    132
193912,    124,     53,    238,     52,     30,      6,     73,     12,     23,    132
194001,    124,     53,    238,     51,     30,      6,     73,     12,     23,    132
194002,    124,     53,    238,     51,     30,      6,     73,     12,     23,    132
194003,    124,     53,    238,     51,     30,      6,     73,     12,     23,    132
194004,    124,     53,    238,     51,     30,      6,     73,     12,     23,    132
194005,    123,     52,    238,     51,     30,      6,     73,     12,     23,    132
194006,    123,     52,    238,     51,     30,      6,     73,     12,     23,    132
194007,    125,     55,    247,     51,     30,      6,     74,     13,     24,    138
194008,    124,     55,    247,     51,     30,      6,     74,     13,     24,    137
194009,    124,     55,    247,     51,     30,      6,     74,     13,     24,    135
194010,    124,     55,    247,     51,     30,      6,     74,     13,     24,    134
194011,    124,     55,    247,     51,     30,      6,     74,     13,     24,    134
194012,    123,     54,    247,     50,     30,      6,     74,     13,     24,    134
194101,    123,     54,    247,     50,     30,      6,     74,     13,     24,    134
194102,    123,     54,    247,     49,     30,      6,     74,     13,     24,    134
194103,    123,     54,    247,     49,     30,      6,     74,     13,     24,    134
194104,    123,     54,    247,     49,     30,      6,     74,     13,     24,    134
194105,    123,     54,    247,     49,     30,      6,     74,     13,     24,    134
194106,    123,     54,    247,     49,     30,      6,     74,     13,     24,    133
194107,    124,     54,    254,     50,     31,      7,     75,     13,     27,    138
194108,    124,     54,    254,     50,     31,      7,     75,     13,     27,    137
194109,    124,     54,    254,     50,     31,      7,     75,     13,     27,    137
194110,    124,     54,    254,     50,     31,      7,     75,     13,     27,    137
194111,    124,     54,    254,     50,     31,      7,     75,     13,     27,    136
194112,    124,     54,    254,     50,     31,      7,     75,     13,     27,    136
194201,    124,     54,    254,     50,     31,      7,     75,     13,     27,    136
194202,    124,     54,    254,     50,     31,      7,     75,     13,     27,    136
194203,    124,     53,    254,     50,     31,      7,     75,     13,     27,    136
194204,    124,     53,    254,     50,     31,      7,     75,     13,     27,    136
194205,    124,     53,    254,     50,     31,      7,     75,     13,     27,    136
194206,    124,     53,    254,     50,     31,      7,     75,     13,     27,    136
194207,    124,     55,    259,     50,     32,      7,     74,     14,     27,    138
194208,    124,     55,    259,     50,     32,      7,     74,     14,     27,    138
194209,    124,     55,    259,     50,     32,      7,     74,     14,     27,    138
194210,    124,     55,    259,     50,     32,      7,     73,     14,     27,    138
194211,    124,     55,    259,     50,     32,      7,     73,     14,     27,    138
194212,    124,     55,    259,     49,     32,      7,     73,     14,     27,    138
194301,    124,     55,    259,     49,     32,      7,     73,     14,     27,    138
194302,    124,     55,    258,     49,     32,      7,     73,     14,     27,    138
194303,    124,     55,    257,     49,     32,      7,     73,     14,     27,    138
194304,    124,     55,    257,     48,     32,      7,     73,     14,     27,    138
194305,    124,     55,    257,     48,     32,      7,     73,     14,     27,    138
194306,    124,     55,    257,     48,     32,      7,     73,     14,     27,    137
194307,    125,     56,    257,     49,     33,      7,     73,     14,     27,    137
194308,    125,     56,    257,     49,     33,      7,     73,     14,     27,    137
194309,    125,     56,    257,     49,     33,      7,     73,     14,     27,    137
194310,    125,     56,    257,     48,     33,      7,     73,     14,     27,    137
194311,    125,     56,    257,     47,     33,      7,     73,     14,     27,    137
194312,    125,     56,    257,     47,     33,      7,     73,     14,     27,    135
194401,    125,     56,    257,     46,     33,      7,     73,     14,     27,    133
194402,    125,     56,    257,     46,     33,      7,     73,     14,     27,    132
194403,    125,     56,    257,     46,     33,      7,     73,     14,     27,    132
194404,    125,     56,    257,     46,     33,      7,     73,     14,     27,    132
194405,    125,     56,    257,     46,     33,      7,     73,     14,     26,    132
194406,    125,     56,    257,     46,     33,      7,     73,     14,     26,    132
194407,    127,     56,    267,     48,     36,      7,     74,     15,     30,    135
194408,    127,     56,    267,     48,     36,      7,     74,     15,     30,    135
194409,    127,     56,    267,     48,     36,      7,     73,     15,     30,    135
194410,    126,     56,    267,     48,     36,      7,     73,     15,     30,    134
194411,    126,     56,    267,     48,     36,      7,     73,     15,     30,    134
194412,    126,     56,    267,     48,     36,      7,     73,     15,     30,    133
194501,    126,     55,    267,     48,     36,      7,     73,     15,     30,    133
194502,    126,     55,    267,     48,     36,      7,     73,     15,     30,    133
194503,    126,     55,    267,     48,     36,      7,     73,     15,     30,    133
194504,    126,     55,    267,     48,     36,      7,     73,     15,     30,    133
194505,    126,     55,    267,     48,     36,      7,     73,     15,     30,    133
194506,    126,     55,    267,     48,     36,      7,     73,     15,     30,    133
194507,    131,     56,    273,     49,     39,      7,     79,     16,     31,    138
194508,    131,     56,    273,     49,     39,      7,     79,     16,     31,    138
194509,    131,     56,    273,     49,     39,      7,     79,     16,     31,    138
194510,    130,     56,    273,     49,     39,      7,     79,     16,     31,    138
194511,    130,     56,    273,     48,     39,      7,     79,     16,     31,    137
194512,    130,     56,    273,     48,     39,      7,     79,     16,     31,    137
194601,    130,     56,    272,     48,     39,      7,     79,     16,     31,    137
194602,    129,     56,    272,     48,     39,      7,     79,     16,     31,    137
194603,    129,     56,    272,     48,     39,      7,     79,     16,     31,    137
194604,    129,     56,    272,     48,     39,      7,     79,     16,     31,    137
194605,    129,     56,    272,     48,     39,      7,     79,     16,     31,    137
194606,    129,     55,    272,     48,     39,      7,     79,     16,     31,    137
194607,    138,     57,    288,     50,     41,      7,     79,     18,     36,    142
194608,    138,     57,    288,     50,     41,      7,     78,     18,     36,    142
194609,    138,     57,    288,     50,     41,      7,     78,     18,     36,    142
194610,    138,     57,    288,     50,     41,      7,     77,     18,     36,    142
194611,    138,     57,    288,     50,     40,      7,     77,     18,     36,    142
194612,    138,     57,    288,     50,     40,      7,     77,     18,     36,    142
194701,    138,     57,    288,     50,     40,      7,     77,     18,     36,    142
194702,    138,     57,    288,     50,     40,      7,     77,     18,     36,    142
194703,    138,     57,    288,     50,     40,      7,     77,     18,     36,    142
194704,    138,     57,    288,     50,     40,      7,     77,     18,     36,    142
194705,    138,     57,    288,     50,     40,      7,     77,     18,     36,    142
194706,    138,     57,    288,     50,     40,      7,     77,     18,     36,    141
194707,    147,     58,    297,     51,     43,      7,     84,     18,     47,    146
194708,    147,     58,    297,     51,     43,      7,     84,     18,     47,    146
194709,    147,     58,    297,     51,     43,      7,     84,     18,     47,    146
194710,    147,     58,    297,     51,     43,      7,     84,     18,     46,    146
194711,    147,     58,    297,     51,     43,      7,     84,     18,     46,    146
194712,    147,     58,    297,     51,     43,      7,     84,     18,     46,    146
194801,    147,     58,    297,     51,     43,      7,     84,     18,     46,    146
194802,    147,     58,    297,     51,     43,      7,     84,     18,     46,    146
194803,    147,     58,    297,     51,     43,      7,     84,     18,     46,    146
194804,    147,     58,    297,     51,     43,      7,     84,     18,     46,    146
194805,    147,     58,    297,     51,     43,      7,     84,     18,     46,    146
194806,    147,     58,    297,     51,     43,      7,     84,     18,     46,    146
194807,    152,     63,    307,     53,     44,      7,     85,     18,     52,    154
194808,    152,     63,    307,     53,     44,      7,     85,     18,     52,    154
194809,    152,     63,    306,     53,     44,      7,     85,     18,     52,    154
194810,    152,     63,    306,     53,     44,      7,     85,     18,     52,    154
194811,    152,     63,    306,     53,     44,      7,     85,     18,     52,    154
194812,    152,     63,    306,     53,     44,      7,     85,     18,     52,    154
194901,    152,     63,    306,     53,     44,      7,     85,     18,     52,    154
194902,    152,     63,    306,     53,     44,      7,     85,     18,     52,    154
194903,    152,     63,    306,     53,     44,      7,     85,     18,     52,    154
194904,    152,     63,    306,     53,     44,      7,     85,     18,     52,    154
194905,    152,     63,    306,     53,     44,      7,     85,     18,     52,    154
194906,    152,     63,    306,     53,     44,      7,     85,     18,     52,    154
194907,    153,     64,    313,     55,     45,      8,     87,     18,     57,    158
194908,    153,     64,    313,     55,     45,      8,     87,     18,     57,    158
194909,    153,     64,    313,     55,     45,      8,     87,     18,     57,    158
194910,    153,     64,    313,     55,     45,      8,     87,     18,     57,    158
194911,    153,     64,    313,     55,     45,      8,     87,     18,     57,    158
194912,    153,     64,    313,     55,     45,      8,     87,     18,     57,    157
195001,    153,     64,    313,     55,     45,      8,     85,     18,     57,    157
195002,    153,     64,    313,     55,     45,      8,     85,     18,     57,    157
195003,    153,     64,    313,     55,     45,      8,     85,     18,     57,    157
195004,    153,     64,    313,     55,     45,      8,     85,     18,     57,    157
195005,    153,     64,    313,     55,     44,      8,     85,     18,     57,    157
195006,    153,     64,    313,     54,     44,      8,     85,     18,     57,    157
195007,    153,     65,    313,     57,     44,      8,     85,     18,     73,    159
195008,    153,     65,    313,     57,     44,      8,     85,     18,     73,    159
195009,    153,     65,    313,     57,     44,      8,     85,     18,     73,    159
195010,    153,     65,    313,     57,     44,      8,     85,     18,     73,    159
195011,    153,     65,    313,     57,     44,      8,     85,     18,     73,    159
195012,    153,     64,    312,     57,     44,      8,     85,     18,     73,    159
195101,    153,     64,    312,     57,     44,      8,     85,     18,     73,    158
195102,    153,     64,    312,     57,     44,      8,     85,     18,     73,    158
195103,    153,     64,    312,     57,     44,      8,     85,     18,     73,    158
195104,    153,     64,    312,     57,     44,      8,     85,     18,     73,    158
195105,    153,     64,    312,     57,     44,      8,     85,     18,     73,    158
195106,    153,     64,    312,     57,     44,      8,     85,     18,     73,    158
195107,    156,     65,    318,     59,     46,      8,     86,     19,     85,    161
195108,    155,     65,    318,     59,     46,      8,     86,     19,     85,    161
195109,    155,     65,    317,     59,     46,      8,     86,     19,     85,    161
195110,    155,     65,    317,     59,     46,      8,     86,     19,     85,    161
195111,    155,     65,    316,     59,     46,      8,     86,     19,     84,    161
195112,    155,     65,    316,     59,     46,      8,     86,     19,     84,    161
195201,    155,     65,    316,     59,     46,      8,     86,     19,     84,    161
195202,    155,     65,    316,     59,     46,      8,     86,     19,     84,    161
195203,    155,     65,    316,     59,     46,      8,     86,     19,     84,    160
195204,    154,     65,    316,     59,     46,      8,     86,     19,     84,    160
195205,    154,     65,    316,     59,     46,      8,     86,     19,     84,    160
195206,    154,     65,    316,     59,     46,      8,     86,     19,     84,    160
195207,    156,     66,    323,     60,     49,      8,     87,     19,     84,    160
195208,    156,     66,    323,     60,     49,      8,     87,     19,     84,    160
195209,    156,     66,    323,     60,     49,      8,     87,     19,     84,    160
195210,    156,     66,    323,     60,     49,      8,     87,     18,     84,    160
195211,    156,     66,    322,     60,     49,      8,     87,     18,     84,    160
195212,    156,     66,    322,     60,     49,      8,     87,     18,     84,    160
195301,    156,     66,    322,     60,     49,      8,     87,     18,     84,    160
195302,    156,     66,    322,     60,     49,      7,     86,     18,     84,    160
195303,    154,     66,    322,     60,     48,      7,     86,     18,     84,    160
195304,    154,     66,    322,     60,     48,      7,     86,     18,     84,    160
195305,    154,     66,    321,     60,     48,      7,     86,     17,     84,    157
195306,    154,     66,    321,     60,     48,      7,     86,     17,     84,    157
195307,    154,     65,    329,     60,     50,      8,     88,     18,     88,    161
195308,    153,     65,    329,     60,     50,      8,     88,     18,     88,    161
195309,    152,     65,    329,     60,     50,      8,     87,     18,     88,    161
195310,    152,     64,    329,     60,     50,      8,     87,     18,     88,    161
195311,    152,     64,    328,     60,     50,      8,     87,     18,     88,    161
195312,    152,     64,    328,     60,     50,      8,     87,     18,     88,    161
195401,    152,     64,    328,     60,     50,      8,     87,     18,     88,    161
195402,    152,     64,    328,     60,     50,      8,     87,     18,     88,    161
195403,    152,     64,    328,     60,     50,      8,     87,     18,     88,    161
195404,    152,     64,    327,     60,     50,      8,     87,     18,     88,    161
195405,    152,     63,    325,     60,     50,      8,     87,     18,     88,    161
195406,    152,     63,    325,     60,     50,      8,     87,     18,     88,    161
195407,    152,     62,    332,     60,     50,      9,     87,     18,     91,    162
195408,    152,     62,    332,     59,     50,      9,     87,     18,     91,    162
195409,    152,     62,    332,     59,     50,      9,     87,     18,     91,    162
195410,    152,     61,    331,     59,     50,      9,     87,     18,     91,    160
195411,    152,     61,    331,     58,     50,      9,     87,     18,     91,    160
195412,    152,     61,    331,     58,     50,      9,     87,     18,     91,    160
195501,    152,     61,    331,     58,     50,      9,     87,     18,     90,    160
195502,    150,     61,    330,     58,     50,      9,     87,     18,     90,    160
195503,    150,     61,    328,     58,     50,      9,     87,     18,     90,    160
195504,    150,     61,    328,     58,     50,      9,     87,     17,     90,    159
195505,    150,     61,    328,     57,     49,      9,     87,     17,     90,    158
195506,    150,     61,    328,     57,     49,      9,     87,     17,     90,    158
195507,    152,     62,    339,     59,     49,      9,     88,     17,     93,    159
195508,    152,     62,    338,     58,     49,      9,     88,     17,     93,    158
195509,    152,     61,    337,     57,     49,      9,     88,     17,     93,    158
195510,    152,     60,    337,     56,     49,      9,     88,     17,     93,    158
195511,    152,     60,    337,     56,     49,      9,     88,     17,     93,    158
195512,    152,     59,    335,     56,     49,      9,     87,     17,     93,    158
195601,    151,     58,    335,     56,     49,      9,     87,     17,     93,    158
195602,    151,     58,    335,     56,     49,      9,     86,     17,     93,    158
195603,    151,     58,    335,     56,     49,      9,     86,     17,     93,    158
195604,    151,     58,    335,     56,     49,      9,     86,     17,     93,    158
195605,    149,     58,    335,     56,     49,      9,     86,     17,     93,    158
195606,    149,     58,    334,     56,     49,      9,     86,     17,     93,    156
195607,    150,     57,    344,     57,     50,     10,     87,     17,     94,    158
195608,    149,     57,    344,     56,     50,     10,     87,     17,     94,    157
195609,    149,     57,    343,     56,     50,     10,     87,     17,     94,    156
195610,    149,     57,    341,     55,     50,     10,     87,     17,     94,    156
195611,    148,     57,    341,     55,     50,     10,     87,     17,     94,    156
195612,    148,     57,    341,     55,     50,     10,     87,     17,     94,    156
195701,    148,     57,    338,     54,     50,     10,     87,     17,     94,    156
195702,    148,     57,    338,     54,     50,     10,     87,     17,     94,    156
195703,    148,     57,    338,     54,     50,     10,     87,     17,     94,    156
195704,    148,     56,    338,     54,     50,     10,     87,     17,     94,    156
195705,    147,     55,    337,     54,     50,     10,     87,     17,     94,    156
195706,    147,     54,    335,     54,     50,     10,     87,     17,     94,    156
195707,    150,     56,    347,     56,     59,     10,     87,     17,     95,    160
195708,    149,     56,    346,     56,     58,     10,     87,     17,     95,    160
195709,    149,     56,    345,     56,     58,     10,     87,     17,     95,    159
195710,    148,     56,    345,     56,     58,      9,     86,     17,     95,    159
195711,    148,     56,    345,     56,     57,      9,     86,     17,     95,    159
195712,    148,     56,    343,     56,     57,      9,     86,     17,     95,    157
195801,    148,     56,    341,     56,     57,      9,     86,     17,     95,    157
195802,    148,     56,    341,     56,     57,      9,     85,     17,     95,    157
195803,    147,     56,    339,     56,     57,      9,     84,     17,     95,    156
195804,    147,     56,    339,     56,     57,      9,     84,     17,     95,    156
195805,    146,     56,    338,     56,     57,      9,     84,     17,     95,    156
195806,    146,     55,    337,     55,     57,      9,     84,     17,     95,    156
195807,    147,     51,    347,     55,     63,      9,     83,     20,     97,    167
195808,    147,     51,    346,     55,     63,      9,     83,     20,     97,    166
195809,    147,     51,    345,     55,     63,      9,     83,     20,     97,    164
195810,    147,     51,    344,     55,     63,      9,     83,     20,     97,    162
195811,    147,     51,    344,     55,     63,      9,     83,     20,     97,    162
195812,    147,     50,    343,     55,     63,      9,     83,     20,     97,    162
195901,    147,     50,    343,     55,     63,      9,     83,     20,     97,    162
195902,    147,     50,    343,     55,     63,      9,     81,     20,     97,    162
195903,    147,     50,    342,     55,     62,      9,     80,     20,     97,    160
195904,    147,     50,    341,     55,     62,      9,     80,     20,     97,    158
195905,    147,     50,    341,     55,     62,      9,     80,     20,     97,    158
195906,    147,     50,    341,     55,     62,      9,     80,     20,     97,    157
195907,    152,     49,    347,     52,     68,     10,     83,     22,    101,    160
195908,    152,     49,    347,     52,     68,     10,     83,     22,    101,    159
195909,    152,     49,    347,     52,     68,     10,     83,     22,    101,    159
195910,    151,     49,    347,     52,     67,     10,     83,     22,    101,    159
195911,    151,     49,    346,     52,     67,     10,     83,     22,    101,    159
195912,    151,     49,    346,     52,     66,     10,     83,     22,    101,    158
196001,    151,     49,    346,     52,     65,     10,     83,     22,    101,    158
196002,    151,     49,    346,     52,     65,     10,     83,     22,    101,    157
196003,    150,     49,    346,     52,     65,     10,     83,     22,    101,    157
196004,    149,     49,    345,     52,     65,     10,     83,     22,    101,    156
196005,    149,     49,    343,     52,     64,     10,     83,     22,    101,    156
196006,    149,     49,    343,     52,     64,     10,     83,     22,    101,    156
196007,    151,     49,    359,     52,     73,     10,     90,     23,    102,    164
196008,    151,     49,    359,     52,     73,     10,     89,     23,    102,    164
196009,    151,     49,    359,     52,     73,     10,     89,     23,    101,    164
196010,    148,     49,    359,     52,     73,     10,     89,     23,    101,    163
196011,    147,     49,    359,     52,     73,     10,     89,     23,    101,    162
196012,    146,     49,    359,     52,     73,     10,     89,     23,    101,    162
196101,    144,     49,    358,     52,     73,     10,     89,     22,    101,    162
196102,    141,     49,    358,     52,     73,     10,     89,     22,    101,    161
196103,    141,     49,    358,     51,     73,     10,     89,     22,    101,    161
196104,    140,     49,    358,     50,     73,     10,     89,     22,    101,    161
196105,    140,     49,    358,     50,     73,     10,     89,     22,    101,    161
196106,    140,     49,    358,     50,     73,     10,     88,     22,    101,    160
196107,    146,     51,    370,     50,     80,     10,     93,     23,    104,    165
196108,    145,     51,    369,     50,     80,     10,     93,     23,    104,    163
196109,    145,     50,    369,     50,     80,     10,     93,     23,    104,    162
196110,    145,     50,    368,     50,     80,     10,     92,     23,    104,    162
196111,    145,     50,    368,     50,     80,      9,     92,     23,    104,    161
196112,    145,     50,    368,     49,     79,      9,     92,     23,    104,    160
196201,    145,     50,    367,     49,     79,      9,     92,     23,    104,    160
196202,    144,     50,    366,     48,     79,      9,     92,     23,    104,    160
196203,    144,     50,    366,     48,     79,      9,     92,     23,    104,    160
196204,    144,     50,    363,     47,     79,      9,     92,     23,    104,    159
196205,    144,     50,    363,     46,     79,      9,     91,     23,    104,    159
196206,    144,     50,    363,     45,     78,      9,     91,     23,    103,    159
196207,    148,     51,    378,     51,     86,     12,     96,     23,    104,    164
196208,    148,     51,    378,     51,     86,     12,     96,     23,    104,    164
196209,    148,     51,    377,     51,     86,     12,     96,     23,    104,    164
196210,    147,     51,    377,     51,     86,     12,     96,     23,    104,    164
196211,    146,     51,    376,     51,     86,     12,     96,     23,    104,    164
196212,    146,     51,    375,     51,     86,     12,     96,     23,    104,    164
196301,    146,     51,    375,     51,     86,     12,     96,     23,    104,    163
196302,    146,     51,    374,     51,     86,     12,     96,     23,    104,    163
196303,    146,     51,    374,     51,     86,     12,     95,     23,    104,    163
196304,    146,     51,    373,     51,     86,     12,     95,     23,    104,    162
196305,    146,     50,    372,     50,     85,     12,     94,     23,    104,    161
196306,    146,     50,    371,     50,     84,     12,     94,     23,    104,    161
196307,    251,    115,    624,    120,    132,     22,    189,     36,    119,    349
196308,    250,    115,    623,    120,    132,     22,    189,     36,    119,    345
196309,    248,    115,    621,    120,    132,     22,    189,     36,    116,    345
196310,    247,    115,    619,    119,    131,     22,    189,     36,    116,    342
196311,    246,    115,    618,    118,    131,     22,    189,     36,    116,    341
196312,    245,    114,    613,    117,    131,     22,    188,     36,    115,    340
196401,    245,    113,    608,    117,    131,     22,    188,     36,    114,    340
196402,    245,    113,    607,    117,    131,     22,    188,     36,    114,    340
196403,    243,    113,    604,    117,    131,     22,    188,     36,    114,    339
196404,    243,    113,    602,    117,    131,     21,    187,     36,    114,    337
196405,    242,    113,    598,    117,    130,     21,    185,     36,    114,    336
196406,    241,    113,    596,    116,    130,     21,    185,     36,    114,    336
196407,    260,    119,    629,    119,    144,     22,    203,     38,    118,    348
196408,    260,    119,    628,    119,    144,     22,    202,     38,    118,    347
196409,    259,    119,    623,    119,    144,     22,    201,     38,    118,    346
196410,    259,    119,    621,    118,    144,     22,    201,     38,    118,    343
196411,    259,    118,    620,    117,    144,     22,    201,     38,    118,    342
196412,    258,    117,    618,    116,    142,     22,    201,     38,    118,    342
196501,    258,    117,    615,    114,    141,     22,    200,     38,    118,    341
196502,    257,    116,    613,    113,    141,     22,    198,     38,    118,    340
196503,    256,    116,    611,    113,    138,     22,    198,     38,    118,    337
196504,    256,    115,    608,    113,    138,     22,    197,     38,    118,    337
196505,    256,    115,    606,    113,    138,     22,    196,     38,    118,    334
196506,    254,    115,    605,    112,    138,     22,    196,     38,    118,    333
196507,    269,    119,    637,    113,    151,     25,    214,     39,    120,    360
196508,    269,    119,    636,    112,    150,     25,    213,     39,    120,    359
196509,    268,    119,    632,    112,    149,     25,    210,     39,    120,    358
196510,    267,    117,    629,    112,    149,     25,    208,     39,    120,    357
196511,    267,    117,    627,    112,    149,     25,    207,     39,    120,    355
196512,    264,    117,    625,    112,    148,     25,    207,     39,    120,    355
196601,    263,    117,    623,    111,    147,     25,    205,     38,    120,    352
196602,    261,    117,    617,    111,    147,     25,    205,     38,    120,    350
196603,    261,    117,    616,    111,    147,     25,    204,     38,    120,    350
196604,    259,    117,    614,    110,    147,     25,    203,     38,    120,    350
196605,    256,    117,    612,    109,    146,     25,    200,     38,    120,    349
196606,    254,    116,    610,    108,    146,     25,    199,     38,    120,    348
196607,    275,    118,    638,    110,    159,     26,    214,     39,    123,    363
196608,    275,    118,    637,    110,    158,     26,    214,     39,    123,    359
196609,    274,    118,    637,    109,    158,     26,    214,     39,    123,    358
196610,    274,    118,    634,    108,    158,     26,    213,     39,    123,    356
196611,    274,    117,    631,    108,    158,     26,    210,     39,    123,    354
196612,    272,    117,    629,    108,    157,     26,    209,     39,    123,    350
196701,    271,    116,    628,    108,    157,     26,    209,     39,    123,    348
196702,    270,    116,    626,    108,    157,     26,    209,     39,    123,    347
196703,    270,    116,    624,    107,    155,     26,    207,     39,    123,    347
196704,    268,    116,    623,    107,    153,     26,    207,     39,    123,    345
196705,    266,    115,    619,    106,    152,     25,    205,     39,    123,    342
196706,    264,    113,    616,    106,    152,     25,    205,     39,    123,    340
196707,    274,    121,    652,    108,    166,     26,    212,     40,    126,    350
196708,    272,    120,    649,    107,    166,     26,    212,     40,    126,    348
196709,    271,    118,    640,    107,    165,     26,    211,     40,    126,    346
196710,    269,    118,    636,    106,    164,     24,    209,     40,    126,    345
196711,    268,    116,    633,    106,    164,     23,    208,     40,    126,    344
196712,    267,    116,    628,    105,    163,     23,    206,     39,    126,    343
196801,    264,    116,    618,    104,    162,     22,    205,     38,    124,    342
196802,    264,    115,    614,    104,    161,     22,    204,     38,    124,    339
196803,    262,    115,    613,    104,    161,     22,    203,     38,    124,    337
196804,    260,    115,    610,    103,    161,     22,    202,     38,    123,    334
196805,    258,    114,    605,    103,    161,     22,    202,     38,    123,    333
196806,    254,    114,    598,     99,    160,     22,    200,     38,    123,    330
196807,    266,    123,    632,    101,    185,     25,    215,     44,    126,    346
196808,    265,    123,    630,    101,    185,     25,    215,     44,    126,    344
196809,    263,    123,    626,    101,    184,     25,    215,     44,    126,    341
196810,    262,    122,    619,    100,    183,     25,    213,     44,    126,    341
196811,    262,    121,    614,    100,    182,     25,    211,     44,    126,    340
196812,    259,    121,    607,     99,    182,     25,    211,     44,    126,    338
196901,    259,    120,    603,     99,    182,     25,    206,     44,    126,    335
196902,    258,    118,    598,     99,    181,     25,    206,     44,    126,    334
196903,    258,    117,    597,     98,    180,     25,    205,     44,    126,    330
196904,    255,    117,    596,     98,    179,     24,    204,     44,    126,    329
196905,    255,    117,    592,     98,    177,     24,    203,     44,    126,    328
196906,    254,    115,    591,     97,    177,     24,    203,     44,    126,    325
196907,    279,    128,    622,    100,    202,     26,    232,     49,    132,    374
196908,    279,    127,    620,    100,    200,     26,    232,     49,    132,    373
196909,    278,    127,    618,    100,    200,     26,    231,     49,    132,    369
196910,    278,    127,    617,    100,    199,     26,    231,     49,    132,    369
196911,    278,    126,    615,     98,    198,     26,    231,     49,    132,    368
196912,    276,    125,    614,     98,    196,     26,    228,     49,    132,    368
197001,    276,    125,    612,     98,    196,     26,    226,     49,    132,    368
197002,    275,    125,    610,     98,    196,     26,    226,     49,    132,    368
197003,    275,    125,    610,     98,    196,     26,    226,     49,    132,    364
197004,    275,    125,    608,     98,    194,     26,    226,     49,    132,    361
197005,    275,    124,    603,     98,    194,     26,    225,     49,    132,    361
197006,    273,    124,    603,     97,    193,     26,    223,     49,    132,    359
197007,    303,    134,    628,    105,    198,     27,    250,     53,    135,    409
197008,    303,    133,    626,    105,    197,     27,    249,     53,    135,    407
197009,    303,    133,    626,    105,    195,     26,    249,     53,    135,    406
197010,    303,    133,    624,    104,    195,     26,    249,     53,    135,    406
197011,    303,    132,    623,    104,    194,     26,    248,     52,    135,    405
197012,    302,    132,    618,    103,    193,     26,    246,     52,    135,    403
197101,    300,    132,    617,    103,    193,     26,    244,     51,    135,    402
197102,    298,    132,    616,    102,    193,     26,    243,     51,    135,    401
197103,    297,    132,    616,    101,    192,     26,    242,     51,    135,    398
197104,    296,    132,    613,    101,    190,     26,    241,     51,    135,    398
197105,    295,    132,    609,    101,    188,     25,    241,     51,    135,    395
197106,    293,    132,    607,    101,    186,     25,    241,     51,    135,    393
197107,    312,    136,    623,    106,    195,     27,    265,     60,    140,    442
197108,    311,    136,    622,    106,    195,     27,    265,     60,    140,    441
197109,    311,    136,    622,    106,    193,     27,    265,     60,    140,    441
197110,    311,    136,    622,    106,    193,     27,    265,     60,    140,    441
197111,    311,    135,    620,    106,    193,     27,    265,     60,    139,    441
197112,    311,    135,    619,    106,    192,     27,    265,     60,    139,    439
197201,    310,    135,    614,    106,    191,     27,    265,     60,    139,    439
197202,    310,    135,    614,    106,    191,     27,    265,     60,    139,    438
197203,    309,    134,    613,    106,    190,     27,    265,     60,    139,    436
197204,    308,    134,    612,    105,    189,     27,    265,     60,    139,    433
197205,    308,    134,    611,    104,    189,     27,    265,     60,    139,    430
197206,    308,    134,    610,    104,    188,     27,    264,     60,    139,    427
197207,    339,    140,    629,    109,    195,     27,    289,     70,    143,    488
197208,    335,    139,    628,    109,    195,     27,    288,     70,    143,    485
197209,    335,    139,    627,    109,    195,     27,    287,     70,    143,    485
197210,    334,    138,    626,    109,    195,     27,    286,     70,    143,    484
197211,    333,    138,    624,    109,    193,     27,    286,     70,    143,    482
197212,    333,    138,    622,    109,    193,     27,    285,     70,    143,    482
197301,    331,    137,    621,    109,    192,     27,    283,     70,    142,    481
197302,    328,    137,    618,    109,    191,     27,    283,     70,    142,    480
197303,    327,    137,    617,    108,    191,     27,    283,     70,    142,    478
197304,    327,    136,    617,    108,    190,     27,    282,     70,    142,    477
197305,    323,    136,    614,    107,    188,     27,    280,     70,    142,    475
197306,    322,    136,    614,    107,    187,     27,    279,     70,    142,    474
197307,    548,    213,    966,    167,    426,     44,    543,    136,    183,   1929
197308,    542,    211,    961,    165,    423,     44,    538,    136,    183,   1910
197309,    539,    211,    957,    165,    420,     44,    534,    133,    183,   1898
197310,    538,    210,    954,    165,    416,     44,    528,    133,    183,   1887
197311,    534,    205,    943,    163,    408,     44,    522,    133,    183,   1857
197312,    524,    205,    938,    161,    403,     43,    516,    130,    183,   1828
197401,    520,    204,    933,    161,    401,     43,    515,    128,    183,   1814
197402,    518,    203,    930,    161,    398,     43,    513,    128,    183,   1807
197403,    517,    203,    930,    160,    393,     42,    512,    128,    183,   1797
197404,    513,    202,    927,    158,    390,     42,    510,    127,    183,   1791
197405,    507,    201,    919,    158,    387,     42,    506,    125,    182,   1780
197406,    503,    198,    915,    158,    384,     42,    503,    125,    182,   1766
197407,    507,    192,    913,    170,    390,     42,    498,    130,    184,   1738
197408,    503,    189,    910,    168,    384,     42,    496,    129,    184,   1726
197409,    497,    186,    909,    168,    380,     41,    493,    129,    184,   1717
197410,    495,    182,    906,    168,    376,     41,    489,    129,    184,   1706
197411,    493,    180,    902,    167,    374,     41,    488,    129,    182,   1696
197412,    490,    179,    897,    162,    371,     41,    487,    129,    182,   1684
197501,    486,    179,    894,    161,    369,     41,    481,    126,    182,   1674
197502,    485,    179,    893,    160,    367,     41,    481,    125,    182,   1670
197503,    483,    179,    890,    159,    365,     41,    479,    125,    182,   1666
197504,    482,    178,    886,    159,    365,     41,    478,    125,    181,   1657
197505,    482,    177,    885,    159,    364,     41,    478,    125,    181,   1654
197506,    480,    175,    880,    158,    360,     40,    474,    122,    181,   1647
197507,    487,    176,    899,    173,    366,     41,    477,    135,    185,   1659
197508,    485,    174,    893,    173,    364,     41,    477,    135,    185,   1654
197509,    485,    174,    892,    173,    363,     41,    475,    134,    185,   1652
197510,    483,    174,    891,    173,    363,     41,    474,    132,    184,   1644
197511,    481,    174,    889,    172,    362,     41,    470,    132,    184,   1640
197512,    477,    174,    887,    172,    361,     40,    468,    130,    184,   1634
197601,    476,    174,    883,    169,    360,     40,    465,    130,    184,   1626
197602,    474,    174,    879,    168,    360,     40,    464,    130,    184,   1622
197603,    469,    172,    878,    168,    359,     40,    461,    130,    184,   1618
197604,    466,    171,    876,    168,    355,     40,    459,    129,    184,   1612
197605,    465,    171,    870,    165,    354,     40,    458,    129,    184,   1606
197606,    462,    171,    866,    165,    353,     40,    456,    129,    184,   1603
197607,    478,    174,    910,    182,    372,     41,    485,    135,    187,   1665
197608,    475,    172,    903,    182,    372,     41,    481,    135,    187,   1659
197609,    475,    172,    900,    182,    369,     41,    479,    135,    187,   1653
197610,    474,    171,    896,    180,    369,     41,    479,    135,    187,   1650
197611,    473,    171,    893,    179,    367,     41,    477,    134,    187,   1648
197612,    472,    170,    887,    178,    364,     41,    477,    130,    187,   1641
197701,    468,    167,    884,    176,    360,     41,    476,    129,    187,   1635
197702,    466,    166,    881,    174,    358,     41,    475,    128,    187,   1631
197703,    462,    166,    878,    172,    358,     41,    471,    127,    187,   1627
197704,    461,    165,    874,    172,    357,     41,    471,    126,    187,   1624
197705,    457,    165,    867,    169,    356,     41,    470,    124,    187,   1622
197706,    454,    164,    862,    169,    356,     41,    468,    123,    186,   1619
197707,    463,    170,    895,    190,    386,     44,    493,    133,    187,   1674
197708,    459,    168,    893,    187,    383,     44,    488,    132,    187,   1666
197709,    457,    167,    889,    186,    381,     44,    487,    132,    187,   1656
197710,    453,    167,    882,    186,    379,     44,    484,    131,    187,   1650
197711,    452,    167,    880,    184,    377,     44,    481,    130,    187,   1648
197712,    450,    167,    868,    184,    374,     44,    476,    128,    187,   1643
197801,    448,    164,    859,    184,    369,     44,    472,    125,    187,   1628
197802,    444,    164,    856,    184,    368,     44,    470,    125,    187,   1619
197803,    441,    164,    852,    184,    367,     44,    468,    125,    187,   1613
197804,    437,    164,    846,    181,    365,     43,    467,    124,    187,   1610
197805,    432,    164,    835,    178,    363,     43,    463,    123,    187,   1604
197806,    429,    164,    820,    176,    361,     43,    457,    120,    187,   1597
197807,    426,    168,    859,    188,    380,     43,    476,    124,    189,   1661
197808,    420,    165,    855,    185,    378,     43,    474,    124,    187,   1653
197809,    418,    165,    852,    185,    377,     42,    469,    122,    187,   1644
197810,    414,    164,    849,    184,    375,     42,    465,    122,    187,   1635
197811,    414,    164,    844,    184,    374,     41,    461,    122,    187,   1626
197812,    413,    163,    841,    183,    370,     41,    459,    121,    187,   1618
197901,    410,    161,    831,    182,    368,     41,    453,    121,    187,   1607
197902,    406,    160,    828,    179,    367,     41,    452,    120,    187,   1594
197903,    403,    160,    825,    177,    365,     41,    451,    119,    187,   1590
197904,    400,    159,    823,    176,    361,     41,    449,    118,    187,   1577
197905,    399,    158,    820,    175,    360,     40,    449,    117,    187,   1569
197906,    395,    156,    815,    174,    357,     39,    446,    115,    187,   1554
197907,    402,    158,    841,    199,    399,     44,    455,    127,    188,   1644
197908,    398,    158,    834,    198,    399,     43,    453,    126,    187,   1636
197909,    396,    157,    831,    198,    397,     43,    451,    124,    187,   1627
197910,    395,    156,    829,    196,    396,     43,    449,    124,    187,   1623
197911,    393,    154,    826,    195,    392,     42,    446,    124,    187,   1615
197912,    391,    152,    822,    193,    387,     42,    444,    123,    187,   1609
198001,    386,    150,    814,    191,    384,     42,    441,    123,    187,   1589
198002,    384,    148,    810,    191,    382,     42,    439,    122,    187,   1584
198003,    383,    148,    808,    190,    382,     41,    436,    122,    187,   1573
198004,    380,    148,    802,    189,    381,     40,    432,    119,    187,   1566
198005,    377,    147,    800,    188,    378,     39,    430,    117,    186,   1555
198006,    376,    147,    796,    188,    374,     38,    427,    117,    186,   1544
198007,    386,    155,    831,    245,    422,     43,    447,    136,    190,   1638
198008,    385,    154,    827,    244,    418,     43,    446,    135,    189,   1621
198009,    378,    152,    821,    243,    415,     43,    445,    133,    189,   1612
198010,    377,    152,    820,    242,    414,     43,    441,    133,    189,   1603
198011,    376,    152,    816,    241,    411,     43,    440,    132,    189,   1597
198012,    375,    152,    813,    241,    409,     40,    433,    132,    188,   1584
198101,    371,    151,    811,    241,    404,     40,    426,    131,    187,   1576
198102,    368,    149,    807,    238,    403,     40,    423,    130,    187,   1568
198103,    366,    148,    799,    238,    402,     38,    422,    129,    187,   1564
198104,    363,    145,    795,    235,    401,     38,    421,    127,    187,   1558
198105,    361,    144,    791,    234,    401,     38,    419,    126,    187,   1557
198106,    360,    144,    784,    233,    399,     38,    412,    126,    187,   1549
198107,    371,    162,    834,    360,    531,     50,    445,    157,    192,   1732
198108,    366,    162,    830,    359,    531,     49,    443,    157,    191,   1730
198109,    365,    161,    830,    358,    529,     49,    438,    156,    191,   1717
198110,    363,    160,    826,    356,    526,     49,    434,    155,    191,   1707
198111,    361,    159,    823,    355,    524,     47,    431,    155,    191,   1700
198112,    360,    158,    820,    351,    522,     47,    425,    153,    191,   1694
198201,    360,    156,    818,    350,    518,     47,    423,    153,    191,   1681
198202,    358,    156,    813,    349,    516,     47,    421,    153,    191,   1672
198203,    357,    156,    810,    347,    512,     47,    415,    151,    191,   1657
198204,    355,    155,    808,    344,    508,     47,    411,    150,    189,   1639
198205,    352,    154,    807,    343,    508,     46,    405,    150,    189,   1626
198206,    350,    152,    806,    341,    507,     46,    401,    148,    189,   1615
198207,    366,    153,    845,    404,    602,     55,    440,    175,    191,   1712
198208,    363,    153,    841,    402,    600,     55,    438,    174,    191,   1700
198209,    360,    153,    832,    398,    598,     54,    437,    172,    191,   1676
198210,    358,    150,    826,    395,    595,     53,    435,    171,    191,   1660
198211,    353,    149,    823,    394,    593,     53,    432,    170,    191,   1635
198212,    352,    149,    815,    391,    590,     52,    432,    168,    191,   1620
198301,    348,    149,    808,    384,    589,     51,    426,    167,    191,   1597
198302,    347,    149,    803,    379,    588,     51,    423,    165,    191,   1590
198303,    345,    149,    801,    377,    586,     51,    420,    162,    191,   1582
198304,    345,    148,    798,    371,    585,     50,    419,    160,    191,   1575
198305,    344,    148,    797,    367,    578,     49,    416,    160,    190,   1562
198306,    341,    147,    791,    363,    573,     49,    415,    159,    189,   1550
198307,    367,    157,    830,    392,    699,     61,    477,    203,    196,   1719
198308,    365,    157,    824,    383,    697,     60,    473,    201,    195,   1704
198309,    364,    156,    819,    375,    693,     60,    469,    201,    195,   1691
198310,    364,    156,    815,    373,    690,     59,    468,    201,    192,   1683
198311,    364,    154,    813,    372,    688,     59,    466,    201,    192,   1673
198312,    362,    154,    812,    363,    685,     59,    460,    200,    190,   1666
198401,    361,    151,    808,    355,    683,     59,    455,    197,    190,   1651
198402,    353,    151,    803,    352,    681,     59,    449,    195,    190,   1643
198403,    351,    151,    800,    346,    680,     59,    448,    195,    190,   1632
198404,    349,    150,    794,    344,    679,     57,    445,    195,    190,   1621
198405,    346,    147,    793,    342,    678,     57,    442,    192,    190,   1609
198406,    343,    147,    786,    338,    672,     54,    437,    192,    190,   1590
198407,    379,    169,    863,    378,    917,     82,    554,    286,    196,   1845
198408,    375,    169,    862,    375,    914,     82,    553,    285,    195,   1832
198409,    370,    168,    856,    364,    907,     82,    540,    283,    194,   1812
198410,    368,    167,    852,    360,    897,     81,    535,    280,    194,   1787
198411,    365,    167,    843,    350,    891,     80,    530,    279,    194,   1770
198412,    359,    167,    840,    342,    888,     80,    528,    275,    194,   1759
198501,    354,    166,    836,    336,    880,     80,    522,    271,    194,   1733
198502,    353,    166,    824,    334,    875,     79,    517,    270,    194,   1724
198503,    351,    164,    818,    331,    869,     78,    514,    267,    192,   1717
198504,    348,    164,    815,    330,    861,     78,    506,    266,    192,   1703
198505,    341,    160,    810,    326,    856,     77,    499,    266,    191,   1683
198506,    340,    157,    801,    322,    843,     77,    493,    261,    191,   1668
198507,    364,    171,    846,    363,    943,     94,    542,    313,    192,   1750
198508,    362,    170,    837,    358,    933,     93,    536,    312,    192,   1728
198509,    359,    167,    834,    354,    929,     90,    532,    310,    192,   1710
198510,    354,    166,    831,    345,    919,     90,    525,    308,    191,   1701
198511,    351,    164,    824,    339,    912,     88,    517,    305,    191,   1682
198512,    348,    162,    820,    333,    906,     84,    507,    301,    190,   1665
198601,    345,    161,    817,    326,    899,     83,    504,    297,    189,   1639
198602,    341,    161,    814,    321,    894,     83,    500,    294,    189,   1628
198603,    339,    161,    807,    316,    882,     82,    495,    290,    188,   1613
198604,    332,    159,    804,    307,    876,     81,    491,    286,    186,   1599
198605,    328,    158,    798,    300,    872,     79,    487,    282,    185,   1581
198606,    326,    155,    788,    293,    863,     78,    484,    278,    184,   1569
198607,    342,    171,    872,    331,    951,     93,    622,    362,    194,   1763
198608,    339,    170,    867,    322,    942,     93,    619,    359,    194,   1746
198609,    337,    168,    860,    317,    933,     93,    613,    357,    193,   1729
198610,    334,    166,    849,    313,    923,     92,    606,    352,    192,   1718
198611,    328,    165,    844,    303,    912,     91,    600,    345,    192,   1698
198612,    324,    162,    824,    293,    898,     90,    589,    344,    191,   1666
198701,    318,    161,    818,    292,    888,     88,    579,    338,    191,   1651
198702,    318,    161,    814,    287,    886,     88,    577,    335,    191,   1646
198703,    316,    161,    806,    283,    880,     88,    573,    331,    191,   1634
198704,    312,    159,    797,    282,    878,     88,    568,    331,    191,   1626
198705,    309,    159,    795,    279,    873,     88,    567,    331,    191,   1612
198706,    307,    156,    790,    274,    864,     87,    563,    330,    191,   1602
198707,    357,    177,    875,    290,    983,    112,    670,    412,    195,   2048
198708,    355,    174,    868,    287,    973,    108,    664,    410,    195,   2035
198709,    351,    173,    861,    281,    966,    106,    661,    408,    195,   2029
198710,    345,    172,    851,    279,    958,    104,    653,    407,    195,   2008
198711,    343,    171,    844,    275,    952,    104,    641,    401,    195,   1990
198712,    341,    168,    839,    273,    941,    103,    629,    397,    195,   1973
198801,    337,    167,    834,    271,    936,    102,    628,    392,    195,   1957
198802,    336,    166,    825,    269,    921,    101,    622,    390,    194,   1935
198803,    332,    163,    820,    268,    917,     99,    616,    382,    193,   1921
198804,    326,    158,    812,    267,    912,     96,    607,    381,    193,   1908
198805,    321,    155,    801,    265,    902,     94,    590,    379,    193,   1885
198806,    317,    154,    796,    258,    892,     94,    584,    375,    192,   1874
198807,    371,    173,    849,    246,    960,    118,    637,    413,    205,   2078
198808,    370,    172,    842,    242,    950,    116,    624,    406,    203,   2052
198809,    367,    172,    834,    240,    940,    116,    616,    398,    203,   2032
198810,    365,    170,    826,    238,    934,    116,    610,    396,    203,   2018
198811,    361,    170,    813,    235,    924,    115,    601,    391,    202,   2002
198812,    353,    165,    805,    231,    913,    111,    590,    388,    202,   1972
198901,    350,    163,    801,    228,    904,    109,    585,    386,    201,   1955
198902,    348,    161,    796,    227,    893,    106,    581,    384,    201,   1940
198903,    345,    161,    791,    225,    879,    106,    575,    381,    201,   1924
198904,    344,    158,    788,    224,    875,    104,    571,    377,    201,   1906
198905,    339,    158,    782,    222,    863,    103,    562,    374,    200,   1892
198906,    334,    156,    771,    219,    852,    103,    556,    368,    199,   1872
198907,    339,    164,    841,    227,    889,    114,    617,    398,    198,   2001
198908,    337,    162,    833,    225,    884,    110,    610,    396,    198,   1973
198909,    333,    160,    828,    221,    878,    109,    602,    394,    198,   1949
198910,    329,    160,    819,    221,    874,    109,    599,    389,    198,   1937
198911,    325,    159,    815,    220,    863,    109,    592,    387,    198,   1914
198912,    325,    158,    807,    220,    858,    109,    584,    384,    198,   1895
199001,    323,    157,    797,    219,    851,    108,    581,    380,    198,   1874
199002,    322,    155,    794,    218,    845,    108,    574,    378,    197,   1859
199003,    320,    155,    787,    217,    838,    108,    570,    377,    197,   1841
199004,    319,    154,    783,    217,    830,    107,    561,    373,    197,   1826
199005,    319,    153,    777,    215,    823,    106,    555,    371,    197,   1806
199006,    319,    150,    769,    215,    809,    104,    547,    366,    197,   1788
199007,    348,    157,    794,    236,    878,    113,    587,    426,    198,   1943
199008,    347,    155,    788,    234,    871,    111,    580,    426,    198,   1921
199009,    345,    153,    786,    232,    867,    110,    577,    424,    198,   1905
199010,    341,    150,    780,    231,    861,    110,    572,    420,    198,   1890
199011,    340,    150,    776,    230,    854,    108,    566,    415,    195,   1874
199012,    340,    149,    769,    228,    846,    107,    566,    414,    194,   1861
199101,    338,    149,    764,    228,    842,    107,    562,    411,    194,   1837
199102,    337,    149,    761,    226,    838,    106,    557,    406,    194,   1828
199103,    333,    149,    755,    225,    830,    105,    556,    403,    194,   1817
199104,    333,    147,    745,    222,    823,    105,    546,    400,    194,   1798
199105,    328,    146,    738,    221,    819,    105,    542,    398,    194,   1781
199106,    325,    146,    736,    221,    815,    104,    536,    396,    194,   1772
199107,    343,    147,    781,    233,    850,    109,    567,    458,    194,   1876
199108,    339,    146,    777,    233,    847,    107,    564,    454,    194,   1863
199109,    338,    145,    777,    232,    841,    106,    561,    453,    194,   1851
199110,    338,    145,    775,    232,    833,    105,    555,    450,    194,   1839
199111,    335,    143,    772,    232,    826,    104,    550,    450,    194,   1826
199112,    334,    142,    767,    232,    815,    103,    547,    447,    194,   1805
199201,    333,    141,    763,    230,    809,    103,    544,    445,    194,   1789
199202,    331,    141,    762,    227,    805,    101,    537,    440,    194,   1779
199203,    330,    141,    760,    225,    799,    100,    531,    439,    194,   1757
199204,    328,    139,    754,    224,    794,     99,    527,    436,    192,   1739
199205,    326,    135,    749,    218,    785,     99,    523,    432,    192,   1721
199206,    325,    133,    743,    212,    772,     98,    515,    428,    191,   1703
199207,    366,    148,    794,    211,    858,    117,    612,    550,    194,   1839
199208,    363,    142,    789,    206,    848,    114,    608,    548,    194,   1825
199209,    363,    141,    786,    204,    845,    114,    603,    542,    194,   1812
199210,    359,    140,    781,    204,    839,    114,    598,    534,    194,   1792
199211,    356,    140,    778,    204,    834,    114,    594,    534,    194,   1783
199212,    355,    140,    777,    201,    831,    111,    593,    533,    194,   1765
199301,    353,    140,    773,    201,    823,    111,    592,    532,    194,   1747
199302,    351,    140,    772,    200,    820,    111,    589,    529,    194,   1734
199303,    349,    140,    770,    199,    815,    108,    586,    527,    194,   1714
199304,    347,    140,    768,    199,    812,    108,    585,    523,    194,   1706
199305,    346,    140,    764,    199,    809,    108,    585,    519,    194,   1696
199306,    343,    139,    756,    198,    806,    108,    583,    518,    194,   1685
199307,    380,    155,    798,    217,    919,    116,    672,    597,    195,   1907
199308,    379,    155,    793,    216,    917,    115,    669,    591,    195,   1896
199309,    379,    154,    790,    216,    913,    114,    667,    588,    195,   1889
199310,    377,    154,    787,    216,    910,    114,    664,    585,    195,   1876
199311,    376,    152,    780,    214,    908,    114,    662,    583,    195,   1871
199312,    372,    152,    776,    213,    900,    113,    661,    581,    195,   1852
199401,    369,    152,    775,    213,    898,    113,    657,    580,    193,   1832
199402,    369,    151,    770,    213,    894,    111,    654,    575,    193,   1820
199403,    369,    150,    768,    212,    891,    111,    653,    573,    193,   1806
199404,    369,    150,    763,    212,    884,    111,    652,    568,    192,   1795
199405,    369,    150,    760,    209,    877,    111,    649,    562,    192,   1783
199406,    368,    149,    756,    209,    873,    111,    646,    554,    192,   1765
199407,    422,    175,    884,    237,   1008,    152,    772,    624,    192,   2081
199408,    420,    173,    878,    236,   1000,    152,    769,    623,    192,   2062
199409,    418,    173,    878,    233,    992,    149,    761,    619,    192,   2046
199410,    416,    173,    877,    230,    986,    149,    759,    610,    191,   2034
199411,    412,    172,    874,    228,    979,    149,    757,    606,    191,   2021
199412,    409,    170,    869,    225,    969,    145,    752,    601,    190,   2006
199501,    409,    169,    866,    224,    962,    143,    746,    596,    190,   1980
199502,    406,    169,    861,    223,    956,    142,    744,    592,    189,   1965
199503,    401,    169,    855,    221,    947,    141,    739,    586,    189,   1949
199504,    399,    169,    851,    220,    944,    141,    730,    582,    189,   1931
199505,    393,    169,    845,    219,    942,    137,    722,    575,    187,   1914
199506,    390,    167,    839,    218,    931,    134,    714,    574,    185,   1897
199507,    413,    195,    905,    223,   1053,    156,    779,    622,    186,   2104
199508,    410,    191,    905,    222,   1045,    154,    774,    614,    186,   2093
199509,    409,    190,    900,    221,   1043,    149,    770,    609,    185,   2081
199510,    406,    189,    896,    219,   1036,    148,    763,    604,    185,   2061
199511,    403,    189,    890,    218,   1031,    147,    757,    595,    185,   2047
199512,    402,    188,    887,    218,   1020,    146,    752,    592,    185,   2029
199601,    400,    185,    880,    217,   1015,    145,    746,    588,    185,   1994
199602,    399,    184,    873,    214,   1009,    141,    739,    585,    185,   1980
199603,    399,    183,    864,    213,   1006,    141,    739,    581,    185,   1962
199604,    399,    182,    858,    213,   1001,    140,    737,    578,    185,   1938
199605,    398,    181,    851,    211,    995,    138,    732,    574,    185,   1923
199606,    393,    179,    850,    209,    992,    138,    727,    570,    184,   1910
199607,    426,    194,    927,    221,   1242,    173,    809,    699,    185,   2190
199608,    425,    193,    917,    220,   1230,    173,    803,    694,    185,   2176
199609,    420,    190,    912,    219,   1226,    172,    797,    690,    185,   2164
199610,    418,    188,    905,    217,   1219,    171,    790,    689,    185,   2145
199611,    415,    188,    899,    217,   1213,    169,    785,    687,    185,   2126
199612,    414,    185,    892,    216,   1205,    169,    777,    680,    185,   2106
199701,    414,    185,    884,    214,   1196,    166,    767,    675,    185,   2088
199702,    409,    185,    883,    214,   1187,    165,    760,    672,    184,   2075
199703,    405,    185,    875,    213,   1178,    162,    754,    667,    183,   2053
199704,    402,    184,    873,    213,   1170,    159,    750,    663,    183,   2034
199705,    399,    183,    869,    212,   1162,    157,    747,    660,    183,   2019
199706,    394,    182,    865,    210,   1152,    156,    741,    656,    182,   1990
199707,    416,    193,    934,    223,   1336,    186,    823,    737,    183,   2243
199708,    415,    190,    923,    219,   1326,    185,    813,    732,    179,   2219
199709,    411,    190,    917,    219,   1320,    182,    800,    722,    179,   2204
199710,    410,    190,    908,    214,   1316,    179,    789,    715,    179,   2183
199711,    408,    187,    903,    212,   1305,    177,    784,    710,    178,   2164
199712,    403,    186,    894,    208,   1290,    172,    773,    703,    177,   2131
199801,    397,    185,    886,    206,   1279,    169,    763,    698,    174,   2113
199802,    392,    184,    883,    205,   1266,    167,    755,    694,    174,   2087
199803,    388,    182,    879,    201,   1256,    162,    743,    685,    173,   2055
199804,    385,    180,    870,    200,   1245,    161,    737,    682,    171,   2026
199805,    382,    178,    868,    197,   1230,    160,    731,    676,    170,   2002
199806,    376,    178,    856,    196,   1215,    152,    725,    669,    166,   1975
199807,    418,    184,    893,    210,   1364,    173,    786,    731,    167,   2199
199808,    415,    182,    888,    205,   1350,    170,    776,    723,    167,   2173
199809,    410,    180,    880,    202,   1325,    168,    763,    715,    165,   2155
199810,    404,    178,    867,    202,   1301,    163,    749,    695,    163,   2123
199811,    399,    177,    861,    201,   1290,    159,    744,    686,    163,   2102
199812,    390,    177,    854,    199,   1275,    156,    736,    676,    163,   2070
199901,    385,    173,    843,    196,   1259,    153,    727,    668,    163,   2043
199902,    382,    168,    831,    196,   1248,    150,    719,    662,    162,   2019
199903,    379,    166,    823,    188,   1230,    145,    703,    649,    160,   1992
199904,    374,    165,    813,    184,   1218,    142,    693,    643,    160,   1973
199905,    371,    164,    810,    178,   1201,    138,    683,    639,    159,   1955
199906,    366,    160,    803,    176,   1180,    136,    677,    629,    159,   1931
199907,    375,    160,    816,    180,   1324,    161,    705,    633,    158,   2068
199908,    373,    158,    800,    174,   1309,    156,    697,    627,    155,   2049
199909,    368,    157,    792,    171,   1293,    154,    689,    615,    154,   2029
199910,    364,    156,    782,    170,   1279,    150,    686,    609,    152,   2001
199911,    361,    156,    765,    168,   1261,    147,    682,    592,    150,   1975
199912,    354,    153,    758,    166,   1241,    146,    673,    584,    150,   1953
200001,    353,    151,    756,    165,   1226,    144,    667,    579,    148,   1933
200002,    351,    149,    748,    165,   1210,    141,    662,    573,    145,   1913
200003,    347,    149,    741,    164,   1198,    140,    659,    571,    143,   1873
200004,    344,    148,    739,    162,   1184,    140,    652,    568,    139,   1850
200005,    339,    145,    734,    161,   1172,    137,    649,    562,    138,   1837
200006,    332,    144,    723,    161,   1156,    134,    644,    557,    137,   1811
200007,    342,    141,    733,    171,   1471,    188,    683,    603,    137,   1927
200008,    336,    141,    727,    170,   1458,    185,    674,    596,    136,   1912
200009,    334,    140,    717,    168,   1442,    185,    665,    587,    130,   1895
200010,    325,    135,    707,    167,   1423,    184,    655,    579,    129,   1863
200011,    322,    133,    698,    166,   1409,    182,    641,    565,    125,   1839
200012,    314,    131,    691,    163,   1390,    180,    630,    554,    123,   1821
200101,    310,    131,    678,    161,   1373,    178,    618,    550,    121,   1789
200102,    308,    130,    676,    159,   1357,    175,    609,    544,    121,   1769
200103,    303,    130,    673,    155,   1337,    171,    601,    540,    119,   1753
200104,    299,    130,    662,    155,   1313,    164,    592,    532,    119,   1727
200105,    294,    127,    651,    153,   1287,    159,    580,    526,    118,   1709
200106,    290,    125,    646,    152,   1265,    156,    575,    523,    117,   1683
200107,    287,    124,    668,    170,   1378,    167,    576,    571,    124,   1724
200108,    283,    122,    663,    164,   1337,    163,    562,    567,    124,   1706
200109,    281,    121,    660,    162,   1326,    162,    555,    564,    124,   1688
200110,    278,    120,    656,    161,   1311,    160,    550,    562,    123,   1673
200111,    273,    120,    649,    159,   1291,    154,    540,    558,    122,   1649
200112,    269,    117,    646,    158,   1277,    152,    538,    556,    122,   1626
200201,    265,    117,    642,    155,   1263,    150,    531,    554,    121,   1605
200202,    262,    115,    637,    155,   1253,    145,    529,    552,    119,   1584
200203,    260,    115,    632,    154,   1243,    141,    521,    551,    119,   1568
200204,    259,    112,    624,    153,   1227,    138,    519,    545,    118,   1551
200205,    257,    112,    621,    152,   1211,    134,    517,    544,    118,   1540
200206,    256,    112,    616,    152,   1197,    129,    512,    539,    117,   1536
200207,    262,    116,    615,    151,   1229,    135,    519,    570,    116,   1575
200208,    261,    115,    610,    151,   1204,    133,    515,    567,    115,   1555
200209,    258,    115,    607,    150,   1189,    131,    515,    565,    115,   1545
200210,    255,    115,    602,    146,   1170,    130,    510,    559,    115,   1533
200211,    255,    114,    595,    145,   1159,    125,    508,    557,    115,   1522
200212,    254,    112,    591,    144,   1145,    119,    506,    550,    115,   1513
200301,    253,    111,    584,    144,   1130,    117,    502,    546,    114,   1495
200302,    252,    109,    579,    144,   1114,    117,    501,    541,    114,   1487
200303,    248,    109,    574,    143,   1085,    115,    498,    529,    114,   1471
200304,    246,    105,    572,    142,   1073,    113,    492,    524,    113,   1466
200305,    244,    105,    570,    142,   1061,    111,    486,    523,    113,   1452
200306,    242,    105,    569,    141,   1046,    111,    480,    518,    113,   1445
200307,    241,    105,    575,    147,   1054,    118,    489,    520,    112,   1495
200308,    239,    104,    572,    146,   1039,    117,    486,    516,    112,   1481
200309,    236,    103,    570,    146,   1029,    116,    484,    515,    111,   1475
200310,    235,    102,    567,    145,   1016,    116,    480,    514,    111,   1466
200311,    235,    102,    565,    145,   1004,    115,    476,    512,    111,   1450
200312,    234,    102,    560,    144,    996,    113,    470,    511,    111,   1437
200401,    231,    101,    559,    142,    989,    113,    467,    508,    111,   1424
200402,    230,    100,    558,    140,    981,    113,    466,    505,    111,   1415
200403,    230,     99,    553,    140,    968,    112,    465,    504,    111,   1409
200404,    228,     99,    551,    140,    963,    112,    458,    501,    111,   1395
200405,    228,     98,    549,    138,    960,    111,    453,    499,    111,   1380
200406,    226,     98,    547,    137,    952,    110,    452,    495,    111,   1369
200407,    229,    106,    546,    145,    991,    125,    467,    553,    112,   1448
200408,    228,    106,    544,    145,    983,    123,    460,    550,    112,   1441
200409,    226,    106,    541,    144,    982,    123,    459,    550,    112,   1429
200410,    225,    105,    538,    144,    974,    122,    455,    549,    112,   1417
200411,    225,    104,    535,    144,    966,    120,    451,    548,    112,   1406
200412,    222,    103,    532,    144,    960,    119,    450,    545,    110,   1394
200501,    222,    103,    525,    144,    956,    119,    449,    542,    110,   1374
200502,    220,    102,    523,    144,    951,    118,    448,    541,    110,   1362
200503,    219,    100,    516,    143,    949,    117,    444,    540,    110,   1354
200504,    217,     99,    513,    142,    943,    116,    441,    538,    110,   1346
200505,    216,     98,    510,    141,    934,    115,    438,    535,    110,   1335
200506,    214,     98,    508,    140,    923,    113,    437,    533,    110,   1329
200507,    222,    102,    526,    155,    973,    131,    464,    570,    114,   1424
200508,    219,     99,    523,    153,    963,    127,    461,    566,    114,   1415
200509,    219,     99,    520,    153,    954,    127,    457,    561,    114,   1408
200510,    214,     98,    515,    152,    945,    126,    452,    556,    114,   1403
200511,    213,     98,    515,    152,    937,    122,    448,    550,    113,   1397
200512,    211,     97,    511,    150,    932,    121,    443,    547,    113,   1384
200601,    208,     96,    510,    149,    920,    120,    442,    541,    113,   1373
200602,    208,     96,    507,    149,    908,    117,    435,    537,    113,   1368
200603,    207,     95,    507,    149,    902,    115,    431,    533,    113,   1359
200604,    207,     94,    504,    148,    895,    115,    429,    526,    112,   1352
200605,    205,     94,    503,    147,    887,    113,    426,    522,    111,   1344
200606,    203,     94,    500,    147,    881,    112,    422,    520,    111,   1337
200607,    218,    107,    520,    169,    916,    123,    440,    574,    114,   1438
200608,    217,    107,    519,    168,    908,    122,    438,    573,    113,   1431
200609,    217,    106,    516,    168,    904,    121,    433,    572,    113,   1425
200610,    216,    105,    512,    167,    893,    120,    431,    571,    113,   1416
200611,    215,    103,    510,    167,    890,    118,    425,    563,    113,   1405
200612,    213,    103,    504,    166,    881,    116,    424,    558,    113,   1395
200701,    211,    102,    500,    165,    871,    113,    421,    551,    113,   1381
200702,    211,    100,    497,    165,    862,    113,    419,    549,    112,   1370
200703,    209,    100,    495,    163,    854,    111,    416,    547,    112,   1364
200704,    209,     99,    486,    163,    845,    110,    414,    540,    111,   1351
200705,    206,     99,    483,    163,    835,    110,    411,    539,    110,   1343
200706,    204,     99,    477,    160,    827,    110,    407,    535,    109,   1335
200707,    208,    103,    505,    176,    881,    123,    420,    579,    110,   1443
200708,    204,    102,    503,    176,    872,    122,    417,    573,    109,   1428
200709,    203,    102,    501,    176,    861,    121,    413,    570,    109,   1420
200710,    203,    101,    499,    176,    850,    121,    406,    566,    108,   1404
200711,    202,    100,    496,    175,    844,    117,    398,    558,    107,   1394
200712,    199,     99,    491,    175,    834,    117,    395,    555,    107,   1382
200801,    199,     98,    490,    175,    827,    116,    394,    550,    106,   1375
200802,    198,     98,    486,    173,    824,    114,    393,    546,    106,   1363
200803,    198,     98,    484,    170,    818,    113,    390,    540,    106,   1351
200804,    197,     97,    480,    169,    813,    112,    386,    533,    106,   1341
200805,    195,     97,    477,    168,    804,    111,    381,    524,    106,   1332
200806,    195,     97,    475,    168,    798,    111,    380,    521,    106,   1322
200807,    204,    105,    502,    185,    841,    114,    385,    555,    106,   1398
200808,    203,    105,    499,    183,    830,    113,    381,    550,    106,   1393
200809,    201,    105,    497,    183,    818,    112,    378,    545,    105,   1384
200810,    199,    105,    495,    183,    809,    111,    372,    538,    105,   1372
200811,    194,    104,    492,    180,    801,    110,    370,    536,    105,   1358
200812,    193,    104,    490,    179,    795,    109,    368,    527,    104,   1347
200901,    191,    103,    487,    179,    792,    108,    365,    519,    104,   1335
200902,    190,    100,    484,    179,    786,    107,    364,    514,    103,   1324
200903,    190,     98,    477,    177,    781,    106,    363,    506,    103,   1312
200904,    189,     97,    470,    176,    772,    105,    361,    503,    103,   1300
200905,    189,     95,    467,    174,    768,    105,    361,    495,    103,   1292
200906,    188,     93,    465,    174,    758,    102,    360,    488,    103,   1282
200907,    189,     95,    472,    177,    759,    106,    361,    498,    104,   1301
200908,    188,     94,    470,    176,    754,    106,    359,    494,    104,   1291
200909,    187,     93,    469,    176,    754,    105,    358,    489,    104,   1280
200910,    187,     93,    468,    175,    747,    104,    356,    484,    103,   1269
200911,    187,     92,    464,    172,    743,     99,    351,    479,    103,   1259
200912,    185,     92,    461,    172,    739,     97,    350,    474,    103,   1246
201001,    185,     92,    461,    172,    733,     96,    347,    469,    103,   1233
201002,    184,     92,    458,    172,    726,     95,    346,    466,    103,   1222
201003,    180,     92,    456,    169,    723,     95,    344,    460,    103,   1216
201004,    180,     92,    454,    168,    712,     95,    344,    460,    103,   1204
201005,    179,     92,    452,    167,    710,     94,    342,    459,    103,   1196
201006,    179,     92,    451,    165,    710,     93,    341,    457,    103,   1188
201007,    184,     95,    474,    177,    734,    100,    352,    480,    104,   1221
201008,    184,     95,    472,    177,    728,     99,    349,    477,    104,   1219
201009,    183,     94,    469,    174,    723,     99,    349,    474,    103,   1216
201010,    183,     94,    469,    173,    712,     98,    347,    469,    103,   1208
201011,    182,     93,    465,    172,    705,     98,    346,    464,    103,   1199
201012,    181,     93,    461,    169,    695,     98,    345,    457,    101,   1187
201101,    181,     92,    457,    169,    690,     98,    344,    454,    101,   1178
201102,    181,     91,    456,    167,    683,     98,    343,    450,     99,   1176
201103,    179,     88,    452,    167,    680,     96,    341,    447,     99,   1170
201104,    177,     88,    451,    166,    670,     95,    339,    442,     99,   1158
201105,    176,     88,    448,    166,    664,     95,    336,    440,     99,   1150
201106,    174,     88,    447,    162,    657,     94,    333,    430,     98,   1140
201107,    173,     96,    459,    171,    692,    101,    340,    459,    100,   1177
201108,    172,     96,    458,    170,    687,    101,    340,    457,    100,   1175
201109,    171,     96,    457,    168,    684,     99,    340,    455,     99,   1170
201110,    170,     96,    455,    168,    678,     99,    339,    451,     99,   1163
201111,    169,     95,    451,    167,    671,     99,    337,    448,     98,   1154
201112,    166,     95,    447,    164,    668,     98,    336,    446,     97,   1146
201201,    166,     95,    445,    163,    661,     97,    334,    444,     96,   1138
201202,    166,     95,    444,    162,    654,     97,    332,    440,     96,   1133
201203,    166,     95,    442,    161,    650,     97,    331,    437,     94,   1128
201204,    165,     95,    441,    161,    647,     97,    329,    433,     93,   1122
201205,    165,     94,    439,    160,    644,     97,    328,    432,     92,   1112
201206,    162,     94,    437,    159,    643,     97,    325,    428,     91,   1105
201207,    166,     97,    438,    173,    678,    102,    334,    448,     90,   1135
201208,    166,     96,    437,    170,    671,    102,    332,    439,     90,   1133
201209,    164,     96,    435,    170,    669,    102,    330,    435,     90,   1123
201210,    163,     95,    432,    166,    664,    102,    326,    434,     90,   1114
201211,    163,     95,    430,    165,    658,    100,    325,    433,     90,   1109
201212,    163,     94,    425,    164,    649,     99,    325,    428,     89,   1102
201301,    161,     94,    424,    164,    648,     98,    322,    426,     89,   1100
201302,    158,     94,    423,    164,    646,     97,    319,    425,     89,   1094
201303,    158,     93,    422,    164,    641,     97,    319,    421,     89,   1088
201304,    158,     92,    420,    162,    633,     97,    316,    420,     89,   1082
201305,    156,     92,    418,    160,    630,     96,    314,    419,     89,   1076
201306,    153,     92,    418,    159,    626,     95,    312,    415,     88,   1070
201307,    157,     93,    426,    163,    660,     96,    327,    457,     88,   1112
201308,    155,     92,    424,    162,    655,     95,    327,    455,     88,   1110
201309,    154,     91,    423,    161,    650,     94,    327,    454,     88,   1106
201310,    153,     90,    420,    160,    646,     94,    325,    448,     88,   1104
201311,    151,     89,    419,    159,    639,     94,    318,    447,     88,   1099
201312,    151,     89,    419,    158,    635,     92,    317,    446,     87,   1095
201401,    151,     89,    419,    158,    632,     92,    315,    441,     87,   1091
201402,    149,     89,    412,    158,    628,     92,    313,    438,     87,   1085
201403,    149,     88,    410,    156,    628,     91,    313,    437,     87,   1082
201404,    148,     88,    409,    155,    625,     90,    312,    436,     87,   1078
201405,    147,     88,    406,    155,    624,     90,    311,    434,     87,   1073
201406,    146,     88,    406,    154,    620,     89,    311,    433,     87,   1069
201407,    152,     90,    418,    171,    675,     92,    328,    536,     89,   1127
201408,    151,     90,    418,    171,    674,     92,    325,    534,     88,   1122
201409,    150,     90,    418,    170,    672,     91,    325,    531,     88,   1117
201410,    149,     89,    418,    168,    667,     90,    323,    530,     88,   1113
201411,    149,     88,    417,    167,    665,     89,    322,    525,     88,   1107
201412,    149,     87,    416,    166,    658,     88,    319,    524,     88,   1100
201501,    148,     87,    415,    165,    652,     88,    317,    521,     88,   1096
201502,    148,     87,    412,    164,    647,     88,    313,    518,     88,   1091
201503,    147,     87,    411,    162,    643,     88,    311,    515,     88,   1084
201504,    147,     86,    411,    162,    639,     87,    311,    512,     88,   1077
201505,    147,     84,    411,    161,    634,     87,    311,    508,     88,   1076
201506,    145,     84,    409,    160,    629,     87,    311,    507,     87,   1070
201507,    144,     84,    420,    161,    668,     87,    325,    598,     89,   1133
201508,    144,     83,    418,    160,    665,     87,    321,    596,     89,   1130
201509,    143,     83,    412,    158,    662,     87,    321,    594,     89,   1126
201510,    142,     82,    410,    156,    653,     87,    320,    589,     89,   1115
201511,    142,     82,    409,    155,    649,     87,    320,    586,     89,   1109
201512,    142,     82,    407,    154,    646,     84,    318,    583,     88,   1099
201601,    141,     82,    404,    146,    641,     84,    316,    581,     88,   1091
201602,    140,     82,    402,    145,    634,     84,    315,    576,     88,   1083
201603,    139,     82,    400,    143,    631,     84,    315,    576,     87,   1074
201604,    137,     81,    396,    142,    628,     84,    312,    575,     86,   1072
201605,    136,     81,    395,    139,    622,     80,    309,    570,     86,   1063
201606,    136,     80,    394,    138,    618,     79,    309,    568,     86,   1058
201607,    141,     84,    401,    136,    636,     83,    314,    620,     85,   1109
201608,    139,     83,    400,    136,    630,     83,    314,    614,     85,   1099
201609,    139,     83,    397,    134,    623,     82,    312,    609,     84,   1090
201610,    137,     82,    397,    134,    617,     82,    311,    604,     82,   1087
201611,    137,     81,    396,    133,    606,     82,    311,    600,     82,   1084
201612,    137,     81,    395,    133,    601,     80,    309,    597,     81,   1075
201701,    137,     80,    393,    133,    598,     78,    309,    596,     80,   1073
201702,    137,     80,    392,    133,    593,     77,    307,    591,     79,   1068
201703,    137,     79,    391,    132,    590,     77,    304,    586,     79,   1063
201704,    136,     78,    387,    130,    585,     77,    304,    583,     79,   1056
201705,    135,     78,    385,    129,    582,     77,    303,    581,     79,   1047
201706,    134,     77,    383,    128,    578,     77,    301,    579,     79,   1037
201707,    138,     80,    395,    147,    610,     80,    309,    621,     82,   1106
201708,    138,     80,    395,    146,    603,     79,    308,    618,     81,   1104
201709,    137,     80,    391,    146,    596,     79,    304,    616,     80,   1099
201710,    137,     80,    390,    145,    589,     78,    304,    610,     80,   1087
201711,    137,     80,    389,    143,    584,     75,    302,    606,     80,   1077
201712,    134,     80,    389,    141,    581,     75,    300,    601,     80,   1067
201801,    132,     80,    389,    141,    579,     74,    298,    601,     80,   1062
201802,    132,     80,    386,    141,    575,     73,    297,    595,     80,   1057
201803,    130,     79,    384,    141,    574,     71,    296,    592,     80,   1054
201804,    128,     79,    384,    138,    571,     71,    294,    588,     79,   1047
201805,    128,     79,    383,    137,    567,     71,    293,    587,     79,   1045
201806,    126,     79,    381,    137,    565,     70,    292,    585,     78,   1040
201807,    134,     84,    390,    147,    607,     69,    294,    651,     78,   1103
201808,    134,     84,    389,    147,    602,     69,    294,    648,     78,   1098
201809,    134,     84,    389,    146,    600,     69,    293,    646,     78,   1095
201810,    132,     84,    387,    144,    596,     69,    290,    643,     78,   1087
201811,    131,     84,    383,    143,    593,     69,    288,    639,     77,   1081
201812,    131,     83,    382,    142,    585,     69,    286,    636,     77,   1077
201901,    131,     83,    382,    141,    580,     69,    284,    634,     76,   1069
201902,    131,     83,    382,    138,    572,     69,    284,    632,     75,   1066
201903,    130,     83,    382,    136,    567,     67,    282,    629,     75,   1061
201904,    130,     83,    379,    135,    564,     66,    279,    625,     75,   1055
201905,    130,     82,    378,    133,    563,     66,    278,    625,     75,   1051
201906,    130,     82,    377,    133,    561,     66,    276,    622,     75,   1050
201907,    135,     85,    384,    143,    592,     69,    286,    698,     76,   1070
201908,    135,     84,    383,    141,    587,     69,    284,    697,     76,   1064
201909,    134,     83,    382,    139,    582,     68,    282,    696,     76,   1057
201910,    133,     83,    380,    137,    577,     68,    280,    694,     75,   1053
201911,    131,     83,    379,    135,    576,     68,    278,    689,     75,   1047
201912,    131,     83,    377,    132,    572,     67,    276,    685,     75,   1037
202001,    131,     83,    375,    130,    571,     66,    275,    679,     75,   1031
202002,    130,     83,    373,    129,    570,     66,    272,    676,     75,   1029
202003,    129,     83,    371,    129,    566,     65,    271,    676,     75,   1028
202004,    129,     83,    370,    127,    562,     63,    271,    672,     75,   1024
202005,    128,     81,    368,    126,    561,     62,    269,    669,     75,   1020
202006,    128,     81,    366,    122,    558,     62,    264,    666,     75,   1016
202007,    130,     83,    368,    122,    582,     63,    273,    720,     74,   1046
202008,    129,     83,    368,    120,    578,     62,    270,    720,     74,   1040
202009,    128,     82,    367,    118,    575,     62,    270,    719,     74,   1038
